<xml xmlns:o="urn:schemas-microsoft-com:office:office">
 <o:MainFile HRef="../swift.htm"/>
 <o:File HRef="image324.gif"/>
 <o:File HRef="image345.jpg"/>
 <o:File HRef="image3451.jpg"/>
 <o:File HRef="image327.gif"/>
 <o:File HRef="image328.gif"/>
 <o:File HRef="image329.gif"/>
 <o:File HRef="image330.gif"/>
 <o:File HRef="image369.gif"/>
 <o:File HRef="image371.gif"/>
 <o:File HRef="image1378.png"/>
 <o:File HRef="image13781.gif"/>
 <o:File HRef="image361.gif"/>
 <o:File HRef="Page441.htm"/>
 <o:File HRef="image451.gif"/>
 <o:File HRef="image334.jpg"/>
 <o:File HRef="image476.jpg"/>
 <o:File HRef="image338.jpg"/>
 <o:File HRef="image340.jpg"/>
 <o:File HRef="image501.jpg"/>
 <o:File HRef="image343.jpg"/>
 <o:File HRef="image304.jpg"/>
 <o:File HRef="image318.jpg"/>
 <o:File HRef="image326.jpg"/>
 <o:File HRef="Page497.htm"/>
 <o:File HRef="image507.gif"/>
 <o:File HRef="Page1246.htm"/>
 <o:File HRef="image1256.gif"/>
 <o:File HRef="Page1344.htm"/>
 <o:File HRef="image1354.gif"/>
 <o:File HRef="image354.jpg"/>
 <o:File HRef="image356.jpg"/>
 <o:File HRef="image358.jpg"/>
 <o:File HRef="Page404.htm"/>
 <o:File HRef="image400.jpg"/>
 <o:File HRef="image403.jpg"/>
 <o:File HRef="image415.jpg"/>
 <o:File HRef="image413.jpg"/>
 <o:File HRef="image370.jpg"/>
 <o:File HRef="image387.jpg"/>
 <o:File HRef="image390.emz"/>
 <o:File HRef="oledata.mso"/>
 <o:File HRef="image3901.gif"/>
 <o:File HRef="image389.jpg"/>
 <o:File HRef="image420.gif"/>
 <o:File HRef="Page504.htm"/>
 <o:File HRef="filelist.xml"/>
</xml>